policy_id,segment_id,first_party_collection_use,third_party_sharing_collection,user_choice_control,user_access_edit_deletion,data_retention,data_security,policy_change,do_not_track,international_specific_audiences,other
686,16,no,yes,yes,no,no,no,no,no,no,no
1017,6,yes,no,no,no,no,no,no,no,no,no
531,21,yes,yes,no,no,yes,no,no,no,no,no
453,58,no,yes,no,no,no,yes,no,no,no,no
760,12,no,no,no,no,no,yes,no,no,no,no
1498,3,yes,no,no,no,no,no,no,no,no,no
453,100,no,no,no,no,no,no,no,no,yes,no
1545,28,no,no,no,no,no,no,no,no,no,yes
394,21,no,no,no,no,no,no,no,no,no,yes
200,3,yes,yes,no,no,no,no,no,no,no,no
1070,15,no,yes,no,no,no,no,no,no,no,no
1099,32,no,yes,yes,no,no,no,no,no,yes,no
962,62,yes,no,yes,no,no,no,no,no,no,no
807,13,no,yes,no,no,no,no,no,no,no,no
98,27,no,no,no,yes,no,no,no,no,no,no
962,13,yes,no,no,no,no,no,no,no,no,no
862,7,yes,no,no,no,no,no,no,no,no,no
21,30,no,no,no,no,no,no,no,no,yes,no
202,7,yes,no,no,no,yes,no,no,no,no,no
1259,13,no,no,yes,no,no,no,no,no,no,no
517,51,no,no,yes,yes,no,no,no,no,no,no
640,27,no,yes,no,no,no,no,no,no,no,no
359,12,yes,no,yes,no,no,no,no,no,no,no
1510,8,no,no,yes,yes,no,no,no,no,yes,yes
320,4,yes,no,no,no,no,no,no,no,no,no
807,0,no,no,no,no,no,yes,no,no,no,yes
1673,28,yes,yes,no,no,no,no,no,no,no,no
1050,67,no,yes,no,no,no,no,no,no,no,no
98,7,yes,no,no,no,no,no,no,no,no,yes
453,48,no,yes,no,no,no,no,no,no,no,no
940,18,yes,no,no,no,no,no,no,no,no,no
33,11,yes,no,no,no,no,no,no,no,no,no
652,33,yes,no,no,no,no,no,no,no,yes,no
1224,17,no,yes,no,no,no,no,no,no,no,yes
635,27,no,yes,no,no,no,no,no,no,no,no
627,18,no,no,no,no,no,no,no,no,yes,no
1300,56,no,yes,no,no,no,no,no,no,no,no
33,23,no,no,no,no,no,yes,no,no,no,no
1300,36,yes,yes,no,no,no,no,no,no,no,no
133,12,yes,no,no,no,no,no,no,no,no,no
642,6,no,no,no,no,no,no,no,no,yes,no
581,10,no,no,no,no,no,no,no,no,no,yes
20,18,no,yes,no,no,no,no,yes,no,no,no
1636,6,yes,yes,no,no,no,no,no,no,no,no
962,53,no,no,no,no,no,yes,no,no,no,no
394,34,no,yes,no,no,no,no,no,no,no,no
1099,31,no,yes,no,no,no,no,no,no,no,no
320,9,no,yes,no,no,no,no,no,no,no,no
817,2,yes,no,no,no,no,no,no,no,no,no
1099,28,no,no,yes,no,no,no,no,no,no,no
1264,1,yes,no,no,no,no,no,no,no,no,no
517,56,no,no,no,yes,no,no,no,no,no,yes
1259,49,no,no,yes,no,no,no,no,no,no,yes
1017,7,no,yes,no,no,no,no,no,no,no,no
1050,10,yes,yes,yes,no,no,no,no,no,no,no
175,24,no,no,yes,yes,no,no,no,no,no,no
1703,11,yes,no,yes,no,no,no,no,no,no,no
1050,71,no,no,yes,no,no,no,no,no,no,yes
1089,4,yes,no,no,no,no,no,no,no,no,no
186,6,yes,no,no,no,no,no,no,no,no,no
517,60,no,no,yes,yes,no,no,no,no,no,no
1034,26,no,yes,no,no,no,no,no,no,no,no
883,8,no,yes,no,no,no,no,no,no,no,no
891,32,no,yes,no,no,no,no,no,no,no,no
1360,2,yes,no,yes,no,no,no,no,no,no,no
320,26,no,yes,no,no,no,no,no,no,no,no
1206,3,no,no,no,no,no,no,no,no,no,yes
453,59,no,yes,yes,no,no,no,no,no,no,no
1694,28,no,no,yes,no,no,no,no,no,no,no
348,21,yes,yes,no,no,no,yes,no,no,no,no
531,27,no,no,no,no,no,no,no,no,no,yes
1713,53,no,no,yes,no,no,no,no,no,no,no
640,12,yes,yes,no,no,yes,no,no,no,no,no
481,3,yes,no,no,no,no,no,no,no,no,yes
453,68,no,no,no,no,no,yes,no,no,no,no
760,9,no,yes,yes,no,no,no,no,no,no,no
93,34,no,no,no,no,no,yes,no,no,no,no
883,7,no,no,no,no,no,no,no,no,no,yes
503,17,no,no,no,no,no,no,yes,no,no,no
70,57,no,yes,no,no,no,no,no,no,no,no
686,4,yes,yes,no,no,no,no,no,no,no,yes
940,50,yes,no,no,no,no,no,no,no,no,no
1713,36,no,yes,yes,no,no,no,no,no,no,no
359,1,no,no,no,no,no,no,no,no,no,yes
1636,16,yes,yes,no,no,no,no,no,no,no,no
1470,12,yes,yes,no,no,no,no,no,no,no,no
58,5,no,no,no,no,no,no,yes,no,no,no
640,15,no,no,yes,no,no,no,no,no,no,no
1259,10,yes,yes,yes,no,no,no,no,no,no,no
856,24,yes,no,no,no,no,no,no,no,no,no
33,57,no,yes,yes,no,no,no,no,no,yes,no
303,33,no,yes,yes,no,no,no,no,no,no,no
200,39,yes,yes,no,no,no,no,no,no,no,no
531,23,yes,no,no,no,no,no,no,no,no,no
1224,13,yes,no,no,no,no,no,no,no,no,no
962,4,yes,no,no,no,no,no,no,no,no,yes
1419,32,no,no,no,no,no,yes,no,no,no,yes
359,37,no,no,no,yes,yes,no,no,no,no,no
70,47,yes,no,no,no,no,no,no,no,no,no
1419,31,no,yes,no,no,no,no,no,no,no,yes
453,14,yes,no,no,no,no,no,no,no,no,no
105,12,no,yes,no,no,no,no,no,no,no,no
200,4,yes,no,no,no,no,no,no,no,no,yes
348,2,yes,no,no,no,no,yes,yes,no,no,yes
862,22,no,no,yes,no,no,no,no,no,no,no
1636,9,no,yes,no,no,no,no,no,no,no,no
26,15,yes,yes,no,no,no,no,no,no,no,no
481,9,yes,no,yes,no,no,no,no,no,no,no
1034,3,yes,no,no,no,no,no,no,no,no,no
1224,15,no,no,no,no,no,yes,no,no,no,no
686,38,no,no,yes,no,no,no,no,no,no,no
1050,6,yes,no,no,no,no,no,no,no,no,no
1300,33,yes,no,no,no,no,no,no,no,no,no
26,31,yes,no,no,no,no,no,no,no,no,no
1083,16,no,yes,no,no,no,no,no,no,no,no
331,4,yes,yes,yes,no,no,no,no,no,no,yes
962,66,no,yes,yes,no,no,no,no,no,no,no
891,27,no,yes,no,no,no,no,no,no,no,no
856,22,no,no,no,no,no,no,no,no,no,yes
1361,27,no,no,no,no,no,yes,no,no,no,no
202,9,yes,no,no,no,no,no,no,no,no,no
1498,28,no,no,no,yes,no,no,no,no,yes,no
1050,15,no,no,no,no,no,no,no,yes,no,no
1673,13,yes,yes,no,no,no,no,no,no,no,no
503,18,yes,no,no,no,no,no,yes,no,yes,no
105,17,no,no,no,no,no,yes,no,no,no,no
359,14,no,no,no,yes,no,no,no,no,no,no
207,10,no,yes,no,no,no,no,no,no,no,no
20,2,yes,no,yes,yes,no,no,yes,no,no,no
1028,5,yes,no,no,no,no,no,no,no,no,no
453,16,no,no,no,no,no,no,no,no,no,yes
591,34,no,yes,no,no,no,no,no,no,no,no
940,16,yes,no,no,no,no,no,no,no,no,no
98,33,yes,yes,no,no,no,no,no,no,no,no
303,5,yes,no,no,no,yes,no,no,no,no,no
394,29,no,no,yes,no,no,no,no,no,no,no
1361,32,no,no,no,no,no,no,no,no,no,yes
1259,12,yes,yes,no,no,no,no,no,no,no,no
523,18,no,yes,no,no,no,no,no,no,no,yes
1582,30,yes,no,no,yes,no,no,no,no,no,no
1703,3,yes,no,no,no,no,no,no,no,no,no
26,55,no,no,no,yes,no,no,no,no,no,no
1510,26,no,no,yes,no,no,no,no,no,no,no
200,9,yes,no,yes,no,no,no,no,no,no,no
1683,12,no,no,no,no,no,no,no,no,no,yes
1028,23,no,yes,no,no,no,no,no,no,no,no
453,95,no,yes,no,no,no,no,no,no,no,yes
856,33,no,no,no,no,no,no,yes,no,no,yes
891,18,yes,no,no,no,no,no,no,no,no,no
701,1,yes,no,no,no,no,yes,no,no,no,no
331,12,no,yes,no,no,no,no,no,no,no,no
1510,2,no,no,no,no,no,no,yes,no,no,no
1034,2,no,no,no,no,no,no,no,no,no,yes
33,28,yes,yes,yes,no,no,no,no,no,no,no
591,41,no,no,no,no,no,no,yes,no,no,no
1205,2,no,no,yes,no,no,no,no,no,no,no
817,0,yes,no,no,no,no,yes,no,no,no,yes
1498,35,no,no,no,no,no,no,no,no,yes,no
1618,24,no,yes,yes,no,no,no,no,no,no,yes
940,31,no,yes,no,no,no,no,no,no,no,no
331,1,yes,no,no,no,no,yes,no,no,no,no
1468,42,no,yes,no,no,no,no,no,no,no,no
1221,5,no,yes,no,no,no,no,no,no,no,yes
1259,14,no,yes,no,no,no,no,no,no,no,no
1683,7,yes,no,no,no,yes,no,no,no,no,no
21,8,yes,no,yes,no,no,no,no,no,no,no
1259,21,no,yes,no,no,no,no,no,no,no,no
928,9,yes,no,no,no,no,no,no,no,no,yes
200,14,yes,no,no,no,no,yes,no,no,no,no
1306,3,yes,no,no,no,no,no,no,no,no,no
531,4,no,yes,no,no,no,yes,no,no,no,no
1683,3,yes,yes,yes,no,no,no,no,no,no,no
1361,12,no,yes,no,no,no,no,no,no,no,no
1034,40,no,no,no,no,no,no,no,no,no,yes
202,21,yes,no,no,no,no,no,no,no,yes,no
883,5,yes,yes,no,no,no,no,no,no,no,no
1510,11,yes,yes,no,no,no,yes,no,no,no,no
1050,56,yes,no,no,no,no,no,no,no,no,yes
1468,52,no,no,no,yes,no,no,no,no,no,no
26,17,no,yes,no,no,no,no,no,no,no,yes
105,13,no,yes,yes,no,no,no,no,no,no,no
1545,8,no,no,yes,yes,no,no,no,no,yes,no
940,9,yes,no,no,no,no,no,no,no,no,no
1300,27,yes,no,no,no,no,yes,no,no,no,yes
940,93,no,no,no,no,yes,no,no,no,no,no
1106,37,no,no,no,no,no,no,yes,no,no,no
641,8,no,no,no,no,no,no,no,no,no,yes
1050,48,yes,no,yes,no,no,no,no,no,no,no
453,4,yes,no,no,no,no,no,no,no,no,no
1498,17,no,yes,no,no,no,no,no,no,no,no
303,45,no,no,no,no,no,no,no,no,no,no
641,7,no,no,no,no,no,yes,no,no,no,yes
1099,20,no,yes,yes,no,no,no,no,no,no,no
642,13,no,no,no,no,no,no,yes,no,no,no
202,19,yes,yes,yes,no,no,yes,no,no,no,no
394,2,yes,no,no,no,no,no,no,no,no,yes
581,4,no,no,yes,no,no,no,no,no,no,no
1713,52,no,no,yes,no,no,no,no,no,no,no
1261,2,yes,yes,yes,no,no,no,no,no,no,no
1028,1,yes,yes,yes,yes,no,yes,no,no,no,no
1694,22,no,no,no,no,no,yes,no,no,no,no
1028,41,no,no,no,no,no,no,no,no,no,yes
32,8,no,yes,no,no,no,no,no,no,no,no
207,2,yes,yes,no,no,no,no,yes,no,no,yes
746,26,no,yes,yes,yes,yes,no,no,no,no,no
144,18,no,no,no,no,no,no,no,no,yes,no
93,16,no,yes,yes,no,no,no,no,no,no,no
517,52,no,no,no,yes,no,no,no,no,no,no
1618,35,yes,no,yes,no,no,no,no,no,yes,no
531,50,no,no,no,no,no,yes,no,no,no,no
1510,14,yes,yes,no,no,no,no,no,no,no,no
523,14,no,no,no,yes,no,no,no,no,no,yes
414,20,no,yes,no,no,no,no,no,no,yes,no
1673,7,no,yes,no,no,no,no,no,no,no,no
1498,12,yes,yes,no,no,no,no,no,no,no,no
1050,19,no,no,no,no,no,no,no,no,no,yes
70,61,no,yes,yes,no,no,no,no,no,no,no
207,21,no,no,yes,no,no,no,no,yes,no,no
1545,17,no,yes,no,no,no,no,no,no,no,no
1083,11,yes,no,no,no,no,yes,no,no,no,no
1361,4,no,yes,no,no,no,no,no,no,no,yes
453,27,yes,no,yes,no,no,no,no,no,no,no
144,3,yes,yes,yes,no,no,no,no,no,no,no
1694,10,yes,yes,yes,no,no,no,no,no,no,no
1673,9,no,no,no,no,no,no,no,no,no,yes
133,31,yes,no,no,no,no,no,no,no,no,no
200,36,yes,yes,yes,no,no,no,no,no,no,no
348,10,yes,yes,no,no,no,no,no,no,no,no
862,18,no,yes,no,no,no,yes,no,no,no,no
1539,22,no,no,no,yes,no,no,no,no,yes,no
723,2,no,yes,no,no,no,no,no,no,no,no
70,42,yes,no,no,no,no,no,no,no,no,no
517,59,no,no,no,yes,no,no,no,no,no,yes
200,0,no,no,no,no,no,no,no,no,no,yes
133,38,no,no,no,yes,yes,no,no,no,no,no
1673,18,no,yes,no,no,no,no,no,no,no,no
1106,3,no,yes,no,no,no,yes,no,no,no,no
1498,26,no,no,yes,no,no,no,no,no,no,no
1713,68,no,no,no,no,no,no,no,no,no,yes
303,21,yes,no,yes,no,no,no,no,no,no,no
642,14,no,no,no,no,no,no,no,no,no,yes
1618,22,no,no,yes,no,no,no,no,no,no,no
456,7,no,yes,yes,no,no,no,no,no,no,no
817,3,no,yes,no,no,no,no,no,no,no,no
200,42,no,yes,yes,no,no,no,no,no,no,no
93,17,yes,no,no,no,no,no,no,no,no,no
93,10,yes,no,yes,no,no,no,no,no,no,no
200,11,yes,no,yes,no,no,no,no,no,no,no
517,22,yes,yes,yes,no,no,no,no,no,no,no
21,17,no,yes,no,no,no,no,no,no,no,no
1694,31,no,no,yes,no,no,no,no,no,no,no
186,30,no,yes,yes,yes,no,no,no,no,yes,no
228,11,no,yes,no,no,no,no,no,no,no,no
70,53,no,yes,yes,no,no,no,no,no,no,no
207,14,no,no,no,no,no,no,no,no,no,yes
1089,6,yes,yes,no,no,no,no,no,no,no,no
414,5,yes,yes,no,no,no,no,no,no,no,no
940,15,yes,yes,no,no,no,no,no,no,no,no
1259,2,yes,yes,yes,yes,no,yes,yes,no,yes,yes
453,11,yes,no,no,no,no,no,no,no,no,no
746,12,yes,no,no,no,no,no,no,no,no,no
186,29,no,yes,no,no,no,no,no,no,no,yes
1713,75,no,no,yes,yes,no,no,no,no,yes,no
1034,0,no,no,no,no,no,no,yes,no,no,yes
1419,27,no,yes,no,no,no,no,no,no,no,no
1636,15,no,yes,no,no,no,no,no,no,no,no
26,27,yes,no,no,no,no,no,no,no,no,no
584,2,yes,no,yes,no,no,no,no,no,no,no
1468,39,yes,yes,yes,no,no,no,no,no,no,no
1206,11,yes,no,no,yes,no,yes,no,no,no,no
186,10,yes,no,no,no,no,no,no,no,no,no
652,44,no,yes,yes,no,no,no,no,no,yes,no
200,31,no,no,no,yes,no,no,no,no,yes,no
325,3,no,no,yes,no,no,no,no,no,no,yes
207,32,no,yes,yes,yes,yes,no,yes,no,no,no
940,92,no,no,no,yes,no,no,no,no,no,no
58,23,no,yes,yes,no,no,no,no,no,no,no
1089,13,no,yes,yes,no,no,no,no,no,no,no
531,46,no,yes,no,no,no,no,no,no,no,yes
807,3,yes,no,no,no,no,no,no,no,no,no
144,8,no,yes,no,no,no,no,no,no,no,no
26,13,yes,yes,no,no,no,no,no,no,no,no
98,12,yes,no,no,no,no,no,no,no,no,no
686,39,yes,no,yes,no,no,no,no,no,no,no
303,40,no,no,yes,no,no,no,no,no,no,yes
359,11,yes,no,no,no,no,no,no,no,no,no
1470,18,no,no,no,no,no,no,no,no,no,yes
517,64,no,no,yes,no,no,no,no,no,no,no
856,1,yes,no,no,no,no,no,no,no,no,no
1539,26,no,no,no,no,no,no,yes,no,no,no
1498,25,no,no,yes,no,no,no,no,no,no,no
531,30,no,no,no,no,no,no,yes,no,no,no
1261,8,yes,no,yes,no,no,no,no,no,no,yes
1050,53,yes,no,no,no,no,no,yes,no,no,yes
70,44,no,yes,no,no,no,no,no,no,no,no
891,13,yes,yes,no,no,no,no,no,no,no,yes
1708,27,no,yes,no,no,no,no,no,no,no,no
1252,0,no,no,no,no,no,no,no,no,no,yes
105,28,no,no,no,no,no,no,no,no,yes,yes
1017,5,yes,no,no,no,no,no,no,no,no,no
453,3,no,no,no,no,no,no,yes,no,no,no
33,30,no,no,no,no,no,no,no,no,no,yes
1636,35,no,yes,yes,no,no,no,no,no,no,yes
1106,22,no,no,no,yes,no,no,no,no,no,yes
1666,22,yes,no,yes,no,no,no,no,no,no,no
962,7,no,no,yes,no,no,no,no,no,no,yes
559,18,no,no,yes,yes,no,no,no,no,yes,no
58,6,yes,no,no,no,no,no,no,no,no,no
453,52,no,yes,no,no,no,yes,no,no,no,no
359,39,no,yes,yes,no,no,no,no,no,yes,yes
898,5,yes,no,no,no,no,no,no,no,no,no
228,14,no,yes,yes,no,no,no,no,no,no,no
186,27,no,yes,no,no,no,yes,no,no,yes,no
394,41,no,yes,yes,yes,no,no,no,no,no,yes
686,36,yes,yes,no,no,yes,no,no,no,no,no
1028,39,no,yes,no,no,no,no,no,no,no,no
1666,28,no,yes,yes,no,no,no,no,no,no,no
20,30,yes,no,yes,no,no,no,yes,no,no,no
20,10,no,yes,yes,no,no,no,no,no,no,no
359,38,no,yes,yes,no,no,no,no,no,yes,no
1636,47,yes,no,no,no,no,no,no,no,yes,no
453,44,no,no,no,no,no,no,no,no,no,yes
1259,30,no,yes,yes,no,no,yes,no,no,no,no
962,48,no,no,no,no,yes,no,no,no,no,no
686,7,yes,yes,no,no,no,no,no,no,no,no
1205,7,no,no,no,no,no,no,yes,no,no,no
1618,15,yes,no,no,no,no,no,no,no,no,no
1306,11,no,no,yes,no,no,no,no,no,no,no
517,12,no,no,no,no,no,no,no,no,no,yes
1089,1,yes,yes,no,no,no,no,no,no,no,yes
453,49,yes,yes,no,no,no,no,no,no,no,no
1300,14,yes,no,no,no,no,no,no,no,no,yes
1028,29,yes,yes,yes,no,no,no,no,no,no,no
481,5,yes,no,yes,no,no,no,no,no,no,no
414,17,no,no,no,no,no,no,no,no,no,yes
1099,25,no,yes,yes,no,no,no,no,no,no,no
1582,11,no,yes,yes,no,no,yes,no,no,no,no
26,9,yes,yes,no,no,no,no,no,no,no,no
70,14,no,no,no,no,no,no,no,no,no,yes
21,22,no,no,no,no,no,yes,no,no,no,no
21,9,no,yes,no,no,no,no,no,no,no,no
591,32,yes,yes,no,yes,yes,no,no,no,no,no
207,29,yes,no,no,no,no,no,no,no,yes,no
453,6,no,no,no,no,no,no,yes,no,no,no
523,9,yes,no,no,no,yes,no,no,no,no,no
1673,19,no,no,yes,no,no,no,no,no,no,no
1683,15,yes,yes,no,no,no,no,no,no,no,no
1300,80,no,no,yes,no,no,no,no,no,no,no
591,13,yes,yes,no,no,no,no,no,no,no,no
1106,35,no,no,no,no,no,no,no,no,no,yes
303,43,yes,yes,no,no,yes,no,no,no,no,no
1300,78,no,no,yes,no,no,no,no,no,no,no
1582,12,no,yes,no,no,no,no,no,no,no,no
1618,2,yes,no,no,no,no,no,no,no,no,no
20,26,no,no,no,no,no,yes,no,no,yes,yes
133,21,no,no,yes,no,no,no,no,no,no,no
414,2,yes,no,no,no,no,no,no,no,no,no
1610,10,yes,yes,no,no,no,yes,no,no,no,no
962,25,yes,no,no,no,no,no,no,no,no,no
1713,70,no,no,no,yes,no,no,no,no,no,no
1666,15,yes,yes,no,no,no,no,no,no,no,yes
541,9,no,no,yes,no,no,no,no,no,no,no
481,14,no,no,yes,yes,no,no,no,no,no,no
303,19,no,yes,no,no,no,no,no,yes,no,no
1034,18,no,yes,no,no,no,no,no,no,no,no
93,7,yes,no,no,no,no,no,no,no,no,no
70,45,yes,yes,yes,no,no,no,no,no,no,no
1708,10,no,yes,yes,no,no,no,no,no,no,no
93,24,no,yes,no,no,no,no,no,no,no,no
348,30,yes,no,yes,no,no,no,no,no,no,no
744,21,no,no,no,no,no,no,no,no,yes,no
1206,1,no,no,no,no,no,no,no,no,no,yes
531,44,no,no,no,no,no,no,no,no,no,yes
1468,1,yes,no,no,no,no,no,no,no,yes,yes
652,43,no,no,yes,yes,no,no,no,no,no,no
1419,3,no,no,no,no,no,no,yes,no,no,no
70,60,no,yes,yes,no,no,no,no,no,no,no
70,55,yes,yes,no,no,no,no,no,no,no,no
746,19,no,yes,no,no,no,no,no,no,no,no
586,17,yes,no,no,no,no,no,no,no,no,no
70,2,yes,yes,yes,no,no,no,yes,no,no,no
744,10,no,yes,no,no,no,no,no,no,no,no
320,5,yes,no,no,no,no,no,no,no,no,no
1610,17,no,yes,yes,no,no,no,no,no,no,no
1300,39,no,no,yes,no,no,no,no,no,no,no
453,66,no,yes,yes,no,no,no,no,no,no,no
807,6,no,no,no,no,no,yes,no,no,no,no
1106,38,yes,yes,yes,no,no,no,no,no,no,yes
523,1,yes,no,yes,no,no,no,no,no,no,no
58,7,yes,yes,no,no,no,no,no,no,no,no
1028,8,no,yes,no,no,no,no,no,no,no,no
175,3,yes,no,yes,no,no,no,no,no,no,no
1636,5,yes,yes,no,no,no,no,no,no,no,no
1034,19,no,yes,no,no,no,no,no,no,no,no
26,51,no,no,yes,no,no,no,no,no,no,no
627,21,no,no,no,no,no,no,no,no,no,yes
202,8,yes,yes,no,no,yes,yes,no,no,no,no
1083,26,no,no,yes,no,no,no,no,no,no,no
1264,9,yes,yes,no,no,yes,no,no,no,no,no
58,15,no,no,no,no,no,no,no,yes,no,no
1694,29,no,no,yes,no,no,no,no,no,no,no
940,43,no,no,no,no,no,no,no,no,no,yes
1713,74,no,no,yes,no,no,no,no,no,yes,no
453,67,no,no,no,no,no,yes,no,no,no,no
1694,27,no,no,no,yes,no,no,no,no,no,no
1106,1,yes,yes,no,no,no,no,no,no,no,yes
1713,59,yes,no,no,no,no,no,no,no,no,no
453,102,no,no,no,no,no,no,no,no,no,yes
453,99,no,no,no,no,no,no,no,no,no,yes
1539,14,no,no,yes,yes,no,no,no,no,no,no
1694,17,no,no,no,no,no,no,no,no,no,yes
359,22,yes,no,no,no,no,yes,no,no,no,no
1539,4,yes,yes,no,no,no,no,no,no,no,no
26,60,no,yes,yes,no,no,no,no,no,no,no
58,4,no,yes,no,no,no,no,no,no,no,no
1224,1,yes,yes,no,no,no,no,no,no,no,yes
1618,30,no,no,no,no,no,yes,no,no,no,no
1306,7,yes,yes,no,no,no,no,no,no,no,no
907,0,yes,no,yes,no,no,yes,no,no,yes,no
1582,27,yes,no,no,no,no,no,no,no,no,no
82,14,yes,no,no,no,no,no,no,no,no,no
1468,56,no,no,no,no,no,no,no,no,yes,no
591,18,yes,no,no,no,no,no,yes,no,no,no
1106,30,yes,yes,no,no,no,no,no,no,no,no
394,11,yes,no,no,no,no,no,no,no,no,no
1683,22,no,no,yes,yes,no,no,no,no,no,yes
940,64,no,no,yes,no,no,no,no,no,no,yes
1070,4,yes,yes,no,no,no,no,no,no,no,no
1694,5,no,no,no,no,no,no,no,no,no,yes
33,16,yes,no,no,no,no,no,no,no,no,no
1637,6,no,no,no,no,no,no,no,no,no,yes
1545,3,no,no,no,no,no,no,yes,no,no,no
642,7,yes,no,yes,no,no,no,no,no,no,no
20,28,no,no,no,no,no,yes,no,no,no,no
348,54,no,no,no,no,no,no,no,no,no,yes
202,17,no,no,yes,no,no,no,no,no,no,no
627,15,no,no,no,no,no,no,no,yes,no,no
325,18,no,no,no,yes,no,no,no,no,yes,no
1360,12,no,no,no,no,no,yes,no,no,no,no
200,6,yes,no,no,no,no,no,no,no,no,yes
1545,10,yes,no,no,no,no,no,no,no,no,no
1089,17,no,yes,no,no,no,no,no,no,no,no
686,24,no,no,yes,yes,yes,no,no,no,no,no
331,3,no,no,no,no,no,no,no,no,yes,no
807,29,no,no,no,no,no,yes,no,no,no,no
200,41,no,yes,yes,no,no,no,no,no,no,no
1636,13,yes,no,no,no,no,no,no,no,no,no
1224,7,yes,no,no,no,no,no,no,no,no,no
1582,14,yes,no,yes,yes,no,no,no,no,no,no
33,51,no,no,yes,yes,yes,no,no,no,no,no
907,5,no,yes,yes,no,no,yes,no,no,yes,no
1259,37,no,no,no,no,no,yes,no,no,no,no
517,18,no,yes,no,no,no,no,no,no,no,no
940,60,no,no,yes,yes,no,no,no,no,no,no
26,64,yes,no,yes,yes,no,yes,no,no,yes,no
228,12,no,yes,no,no,no,no,no,no,no,yes
1683,0,yes,no,no,no,no,no,no,no,no,yes
1261,1,yes,yes,yes,no,no,no,no,no,no,no
1470,13,yes,no,no,no,no,no,no,no,no,no
144,10,no,yes,no,no,no,no,no,no,no,no
817,4,no,no,yes,no,no,no,no,no,no,no
1050,24,yes,no,yes,no,no,no,no,no,no,no
453,73,no,no,yes,no,no,no,no,no,no,no
1468,50,no,no,no,yes,no,no,no,no,no,no
807,18,no,no,no,no,no,no,no,no,no,yes
940,17,yes,no,no,no,no,no,no,no,no,no
586,2,yes,no,no,no,no,no,no,no,no,yes
652,41,no,no,no,no,no,no,no,no,yes,no
1106,12,yes,yes,no,no,no,no,no,no,no,no
228,5,no,yes,no,no,no,no,no,no,no,yes
20,17,no,yes,yes,no,no,no,no,no,no,no
58,34,no,yes,yes,no,no,no,no,no,no,no
348,60,no,no,no,no,no,no,yes,no,no,no
228,24,no,no,no,no,no,no,yes,no,no,no
503,7,yes,yes,yes,no,no,no,no,no,no,yes
1510,38,no,yes,no,no,no,no,yes,no,no,no
33,54,no,yes,no,no,no,no,no,no,yes,no
453,32,no,no,no,no,no,no,no,no,no,yes
559,21,yes,no,yes,no,no,no,no,no,no,no
1637,14,no,no,no,no,no,no,no,no,no,no
541,11,no,no,no,no,no,no,yes,no,no,no
394,31,no,yes,no,no,no,no,no,no,no,no
541,3,no,yes,no,no,no,no,no,no,yes,no
591,37,no,no,no,no,no,yes,no,no,no,no
200,12,yes,yes,yes,no,no,no,no,yes,no,no
1694,8,yes,no,no,no,no,no,no,no,no,no
1300,37,no,yes,yes,no,no,no,no,no,no,no
541,4,no,yes,no,no,no,yes,no,no,yes,no
348,7,yes,no,no,no,no,no,no,no,no,yes
1261,3,yes,yes,yes,no,no,yes,no,no,no,no
453,51,yes,no,no,no,no,no,no,no,no,no
348,15,yes,no,no,no,no,no,no,no,no,no
144,15,yes,no,no,no,no,no,no,no,no,no
394,19,no,yes,no,no,no,no,no,no,no,no
70,54,no,yes,yes,no,no,no,no,no,no,no
59,6,no,yes,no,no,no,no,no,no,no,no
1498,4,yes,yes,no,no,no,no,no,no,no,no
1070,26,no,yes,no,no,no,no,no,no,yes,no
26,44,no,yes,no,no,no,no,no,no,no,no
481,16,no,no,no,no,no,no,yes,no,no,no
1713,14,no,yes,yes,no,no,no,no,no,no,no
940,48,no,yes,no,no,no,no,no,no,no,no
33,48,no,no,yes,no,no,no,no,no,no,yes
1259,27,yes,yes,no,no,no,no,no,no,no,no
21,11,no,no,yes,no,no,no,no,no,no,no
962,40,no,no,yes,yes,no,no,no,no,no,yes
1713,3,no,no,no,no,no,no,yes,no,no,yes
517,53,no,no,no,yes,no,no,no,no,no,no
359,21,yes,yes,no,no,no,no,no,no,no,no
202,25,no,no,yes,no,no,no,no,no,no,no
962,14,yes,no,yes,no,no,no,no,no,yes,no
807,9,yes,no,no,no,no,no,no,no,no,no
135,19,no,yes,yes,no,no,no,no,no,no,no
58,33,yes,yes,yes,no,no,no,no,yes,no,no
856,14,yes,no,no,no,no,no,no,no,no,yes
200,17,no,yes,no,no,no,no,no,no,no,no
807,15,no,no,no,no,no,no,no,no,no,yes
1300,31,no,yes,no,no,no,no,no,no,no,no
20,34,no,no,no,no,no,no,no,no,no,yes
1259,31,no,yes,yes,no,no,no,no,no,no,no
686,3,no,yes,no,no,no,no,no,no,no,no
348,1,yes,no,no,no,no,no,no,no,no,yes
898,6,yes,yes,no,no,no,no,no,no,no,no
82,45,no,no,yes,no,no,no,no,no,no,yes
1300,79,no,no,yes,no,no,no,no,no,no,no
348,36,yes,no,yes,no,no,no,no,no,no,no
1636,11,yes,yes,no,no,no,no,no,no,no,no
453,60,no,yes,no,no,no,no,no,no,no,no
627,6,no,yes,no,no,no,no,no,no,no,no
21,3,no,no,no,no,no,no,no,no,no,yes
207,5,yes,no,no,no,no,no,no,no,no,no
453,39,no,yes,yes,no,no,no,no,no,no,no
940,94,yes,yes,no,no,yes,no,no,no,no,no
33,10,no,no,no,no,no,no,no,no,no,yes
1106,21,yes,no,yes,no,no,no,no,no,no,yes
640,39,no,no,no,no,no,no,no,no,yes,yes
962,46,no,no,yes,no,no,no,no,no,no,no
1252,15,no,no,no,no,no,yes,no,no,no,no
1224,4,no,no,no,no,no,no,yes,no,no,yes
82,7,yes,no,no,no,no,no,no,no,no,no
26,38,yes,no,no,no,no,no,no,no,no,no
723,3,no,yes,yes,no,no,no,no,no,no,no
135,11,yes,yes,no,no,no,no,no,no,no,no
105,1,no,no,no,no,no,no,yes,no,no,no
1708,29,no,no,no,no,no,yes,no,no,no,yes
1034,36,no,no,yes,yes,no,no,no,no,yes,no
1708,14,yes,no,yes,no,no,no,no,no,no,no
1419,5,yes,no,no,no,no,no,no,no,no,no
303,10,yes,no,no,no,yes,no,no,no,no,no
207,27,yes,no,no,no,no,yes,no,no,yes,no
1582,3,no,yes,no,no,no,no,no,no,no,no
1360,7,yes,yes,no,no,no,yes,no,no,no,no
1306,10,no,no,no,no,no,yes,no,no,no,no
453,2,no,no,no,no,no,yes,no,no,no,yes
907,4,yes,yes,no,no,no,no,no,no,no,no
164,4,no,yes,yes,no,no,no,no,no,no,no
1673,26,no,yes,no,no,no,no,no,no,no,no
517,50,no,no,no,no,no,yes,no,no,no,no
1468,13,yes,no,no,no,no,no,no,no,no,no
1545,0,no,no,no,no,no,no,yes,no,no,no
1636,3,yes,yes,no,no,no,no,no,no,no,no
1637,10,no,yes,yes,no,no,no,no,no,no,no
777,1,no,no,no,no,no,no,no,no,no,yes
207,12,no,yes,yes,no,no,no,no,yes,no,no
33,45,no,no,no,no,no,yes,no,no,no,no
164,11,no,no,no,no,no,yes,no,no,no,no
928,20,no,no,yes,no,no,no,no,no,no,no
531,19,yes,yes,no,no,no,yes,no,no,no,no
627,9,yes,no,no,no,no,no,no,no,no,no
1470,16,no,no,no,no,no,yes,no,no,yes,no
135,29,no,yes,no,no,no,no,no,no,yes,no
1708,8,yes,no,no,no,no,no,no,no,no,no
1708,37,no,no,no,no,no,no,no,no,no,yes
1468,32,yes,no,no,no,no,no,no,no,no,no
348,40,no,no,no,yes,no,no,no,no,no,no
1050,1,yes,no,no,no,no,yes,no,no,no,yes
26,24,yes,no,no,no,no,no,no,no,no,no
1070,0,no,no,no,no,no,no,yes,no,no,yes
1703,15,no,yes,no,no,no,no,no,no,no,no
93,1,yes,no,yes,yes,no,yes,no,no,no,no
1694,16,yes,yes,yes,no,no,yes,no,no,no,no
523,2,yes,no,no,no,no,yes,no,no,no,yes
1164,19,no,yes,yes,no,no,no,no,yes,no,no
348,47,no,no,no,no,no,yes,no,no,no,no
33,63,no,no,no,no,no,no,no,no,no,yes
1683,13,yes,yes,yes,no,no,no,no,no,no,no
331,5,yes,no,no,no,no,no,no,no,no,no
58,45,no,no,no,no,no,no,no,no,yes,no
1673,1,no,yes,no,no,no,no,no,no,no,yes
940,29,no,no,no,no,no,no,no,no,no,yes
744,24,no,no,no,no,no,no,yes,no,no,no
33,29,yes,no,no,no,no,no,no,no,no,no
962,41,no,no,yes,yes,yes,no,no,no,no,no
1300,47,no,no,yes,no,no,no,no,no,no,no
1545,21,no,yes,yes,no,no,no,no,no,no,no
891,22,no,no,yes,no,no,no,no,yes,no,no
1259,4,yes,no,no,no,no,no,no,no,no,no
58,28,no,yes,no,no,no,no,no,no,no,no
1050,9,yes,yes,yes,no,no,no,no,no,no,no
1713,60,no,yes,yes,no,no,no,no,no,no,no
1164,6,yes,yes,yes,no,no,no,no,no,no,no
1618,6,yes,no,no,no,no,no,no,no,no,no
940,66,no,no,no,yes,yes,no,no,no,no,no
228,16,no,yes,yes,no,no,no,no,no,no,no
1259,46,no,no,yes,no,no,no,no,no,no,no
59,2,yes,yes,yes,no,no,no,no,no,no,no
135,28,no,yes,no,no,no,no,no,no,yes,no
1498,33,no,no,no,no,no,no,no,no,yes,yes
348,42,no,no,yes,yes,no,no,no,no,no,no
325,17,no,yes,no,no,no,no,no,no,no,yes
1618,17,no,yes,yes,no,no,no,no,no,no,no
186,14,no,yes,no,no,no,no,no,no,no,no
1300,21,no,yes,yes,no,no,no,no,no,no,no
856,28,no,no,no,yes,no,no,no,no,no,no
58,11,yes,yes,no,no,no,no,no,no,no,no
21,13,no,yes,no,no,no,no,no,no,no,no
1539,12,no,yes,no,no,no,no,no,no,no,no
517,5,yes,yes,yes,yes,no,no,no,no,no,yes
940,27,yes,no,no,no,no,no,no,no,no,no
517,63,no,no,yes,no,no,no,no,no,no,no
1618,36,yes,yes,yes,yes,no,yes,no,no,yes,no
503,6,yes,no,yes,yes,yes,no,no,no,no,no
20,25,no,no,yes,no,no,no,no,no,no,no
584,1,no,no,no,no,no,yes,no,no,no,no
453,96,no,yes,no,no,no,yes,no,no,yes,no
1713,50,yes,no,yes,no,no,no,no,no,no,no
642,9,no,yes,yes,no,no,no,no,no,no,no
1713,72,no,no,no,yes,yes,no,no,no,yes,no
559,11,yes,no,yes,no,yes,no,no,no,no,no
70,10,no,no,no,no,no,no,no,no,no,yes
1224,6,yes,no,no,no,no,no,no,no,no,no
348,28,no,yes,yes,no,no,no,no,no,no,no
320,19,no,yes,no,no,no,yes,no,no,no,no
591,26,no,no,yes,no,no,no,no,no,no,no
202,11,yes,no,no,no,no,no,no,no,no,no
1582,5,yes,no,no,no,no,no,no,no,no,no
652,10,yes,no,yes,no,no,no,no,no,no,no
26,11,yes,no,no,no,no,no,no,no,no,no
481,4,yes,no,no,no,no,no,yes,no,no,no
1164,37,no,no,no,no,no,no,no,no,yes,yes
325,12,no,yes,no,no,no,yes,no,no,no,no
940,33,yes,no,no,no,no,no,no,no,no,no
1610,9,yes,no,no,no,no,no,no,no,no,no
82,5,yes,no,no,no,no,no,no,no,no,no
207,6,yes,no,yes,no,no,no,no,no,yes,no
1636,51,no,no,no,no,no,no,yes,no,no,no
686,1,yes,no,no,no,no,no,yes,no,no,no
1252,7,yes,no,no,no,no,no,no,no,no,no
1713,64,no,no,no,no,no,no,no,no,no,yes
70,38,no,no,yes,no,no,no,no,no,no,no
1360,6,yes,yes,yes,no,no,no,no,no,no,no
1713,7,yes,no,no,no,no,no,no,no,no,no
1468,27,yes,no,no,no,no,no,no,no,no,no
1106,32,no,yes,yes,no,no,no,no,no,no,no
359,17,yes,no,yes,no,no,no,no,no,no,no
1510,24,no,yes,no,no,no,no,no,no,no,no
1703,16,no,yes,no,no,no,no,no,no,no,yes
1070,27,no,yes,no,no,no,no,no,no,yes,no
1636,29,no,yes,no,no,no,no,no,no,no,no
940,25,yes,no,no,no,no,no,no,no,no,no
928,16,no,no,yes,no,no,no,no,no,no,no
414,22,no,no,no,no,no,no,yes,no,no,no
1468,51,no,no,yes,no,yes,no,no,no,no,no
1300,9,yes,no,no,no,no,no,yes,no,no,no
940,95,no,no,no,yes,no,no,yes,no,yes,no
32,11,no,yes,no,no,no,no,no,no,no,yes
58,0,no,no,no,no,no,no,yes,no,no,no
1713,33,yes,no,yes,no,no,no,no,no,no,no
1259,42,yes,no,no,no,no,no,no,no,no,no
133,10,yes,no,no,no,no,no,no,no,no,no
591,5,yes,no,no,no,no,no,no,no,no,no
453,30,no,no,yes,no,no,no,no,no,no,no
303,48,no,no,yes,no,no,no,no,no,no,no
59,11,no,no,no,no,no,yes,no,no,no,no
1708,26,no,no,yes,no,no,no,no,no,no,no
144,16,no,yes,yes,no,no,no,no,yes,no,no
175,13,yes,yes,yes,no,no,no,no,no,no,no
1713,29,no,yes,yes,no,no,no,no,no,no,no
1306,9,no,no,no,no,no,yes,no,no,no,no
807,17,yes,yes,no,no,no,no,no,no,yes,no
453,31,yes,yes,no,no,no,no,no,no,no,no
1034,38,yes,no,yes,no,no,no,no,no,yes,no
1206,14,no,no,no,no,no,yes,no,no,no,no
82,12,yes,yes,no,no,no,yes,no,no,no,no
1673,47,no,no,no,no,no,no,no,no,no,yes
891,3,no,no,no,no,no,no,no,no,no,yes
807,32,no,no,no,no,no,no,no,no,no,yes
1360,1,yes,no,no,no,no,no,no,no,no,no
883,4,yes,yes,yes,no,no,no,no,no,no,no
144,23,no,no,no,no,no,no,no,no,yes,no
635,3,no,yes,no,no,no,no,no,no,no,yes
627,13,no,yes,no,no,no,no,no,no,no,no
133,25,no,yes,no,no,no,no,no,no,no,no
1300,49,no,yes,no,no,no,no,no,no,no,no
20,9,yes,yes,yes,no,no,no,no,no,no,no
303,42,yes,no,no,no,no,no,no,no,no,no
21,5,yes,no,yes,no,no,no,no,no,no,no
186,11,yes,no,no,no,no,no,no,no,no,no
1361,24,no,no,yes,no,no,no,no,no,no,no
32,26,no,no,no,no,no,no,no,no,yes,no
33,47,no,no,yes,no,no,no,no,no,no,no
940,54,no,no,yes,no,no,no,no,no,no,yes
744,13,no,yes,yes,no,no,no,no,no,no,no
20,20,no,yes,no,no,no,no,no,no,no,no
1050,25,yes,no,yes,no,no,no,no,no,no,no
907,6,no,no,yes,yes,no,no,no,no,yes,no
1361,28,no,no,no,no,no,yes,no,no,no,no
82,34,yes,no,no,yes,no,no,no,no,yes,no
135,22,no,yes,no,no,no,no,no,no,no,no
320,21,no,yes,yes,no,no,no,no,no,no,no
1694,37,no,no,no,no,no,no,no,no,no,yes
32,12,no,yes,yes,no,no,no,no,no,no,no
517,10,no,yes,yes,no,no,no,no,no,no,no
1713,8,yes,no,yes,no,no,yes,no,no,no,no
862,15,no,yes,no,no,no,no,no,no,no,no
456,4,yes,no,no,no,no,no,no,no,no,no
884,2,no,no,no,no,no,no,no,no,no,yes
228,9,no,no,no,no,no,no,no,yes,no,no
635,26,no,yes,no,no,no,no,no,no,no,no
686,25,no,no,no,no,no,yes,no,no,no,no
591,11,yes,yes,no,no,no,no,no,no,no,no
1694,14,yes,yes,no,no,no,no,no,no,no,no
995,5,no,no,no,no,no,no,no,no,no,yes
1703,5,yes,no,no,no,no,no,no,no,no,no
1224,11,yes,no,no,no,no,no,no,no,no,no
1713,24,yes,no,no,no,no,no,no,no,no,no
627,19,no,no,no,no,no,no,no,no,no,yes
303,32,no,yes,no,no,no,no,no,no,no,no
303,6,no,no,no,yes,yes,no,no,no,no,no
517,19,yes,yes,no,no,no,no,no,no,no,no
686,31,yes,no,no,no,no,no,no,no,no,no
1300,66,no,no,no,no,no,no,no,no,no,yes
531,47,no,no,no,no,no,no,no,no,no,yes
503,14,no,yes,yes,no,no,no,no,no,yes,no
1498,27,no,yes,yes,no,no,no,no,no,yes,no
303,50,no,no,yes,no,no,no,no,no,no,no
1683,26,no,no,no,no,no,no,no,no,no,yes
856,3,yes,no,no,no,no,no,no,no,no,no
1468,20,yes,yes,no,no,no,no,no,no,no,no
105,15,no,yes,no,no,no,no,no,no,no,yes
70,34,no,yes,yes,no,no,no,no,no,no,yes
1468,61,no,no,no,no,no,no,no,no,yes,yes
1683,5,yes,no,yes,no,no,no,no,no,no,no
414,19,no,no,no,no,no,no,no,no,yes,yes
1636,25,yes,yes,no,no,no,no,no,no,no,no
